,1. Hauptachse,2. Hauptachse,3. Hauptachse,Partei,Name
0,-3.060171260508782,0.5083513705981493,-1.20230864928171,SPD,Sanae Abdi
1,-1.2368424608391209,1.6233039836445655,-0.19900608607545145,SPD,Adis Ahmetovic
2,-5.396228095760371,1.150952298714749,-0.37995329102835973,SPD,Reem Alabali-Radovan
3,-3.9359310087888755,1.1293767293518613,1.405217782260027,SPD,Dagmar Andres
4,-5.552890173667126,0.5703183074107486,-0.41510236698096203,SPD,Niels Annen
5,-4.790268719353973,0.6133350045973996,-1.1523324270365614,SPD,Johannes Arlt
6,-6.282716313204498,-0.1217190495729146,-0.4675197697946054,SPD,Heike Baehrens
7,-6.282716313204498,-0.1217190495729146,-0.4675197697946054,SPD,Ulrike Bahr
8,-6.282716313204498,-0.1217190495729146,-0.4675197697946054,SPD,Daniel Baldy
9,-6.014644584421875,-0.0579814042389242,0.02104437155342763,SPD,Nezahat Baradari
10,-6.282716313204498,-0.1217190495729146,-0.4675197697946054,SPD,Sören Bartol
11,-6.1284065478829435,0.11417864926102692,-0.6758570273819241,SPD,Bärbel Bas
12,-6.007685013025093,0.28569634416826073,-0.7439258144144744,SPD,Dr. Holger Becker
13,-5.5919046271054835,-0.4721491549726192,-0.6697016363556524,SPD,Jürgen Berghahn
14,-5.954362297354264,0.06954942343127898,-0.8051889163357971,SPD,Bengt Bergt
15,-6.282716313204498,-0.1217190495729146,-0.4675197697946054,SPD,Jakob Blankenburg
16,-5.982049512663068,0.07147987572365763,-0.38385444550437764,SPD,Leni Breymaier
17,-6.092704457379979,-0.17926087504908264,-0.45577770164716513,SPD,Katrin Budde
18,-6.109316580083033,-0.16964507697163725,-0.3771135407124072,SPD,Isabel Cademartori Dujisin
19,-5.174945490752656,-0.049851972037165876,0.34563558591726407,SPD,Dr. Lars Castellucci
20,-5.566407175546628,-0.15460333361400921,-0.2120656134840571,SPD,Jürgen Coße
21,-6.098511139977698,-0.19209836003605282,-0.5689474157217219,SPD,Bernhard Daldrup
22,-5.817172971518953,0.027955606646523384,-0.028777546214678776,SPD,Hakan Demir
23,-6.152486225698055,0.1477607666339674,-0.33129544992697035,SPD,Dr. Karamba Diaby
24,-3.5202267661358593,1.7637369575845494,-0.17965878430832502,SPD,Martin Diedenhofen
25,-2.978590641480955,4.8887141766066184,5.40637045269398,SPD,Jan Dieren
26,-6.282716313204498,-0.1217190495729146,-0.4675197697946054,SPD,Esther Dilcher
27,-6.105019226618437,-0.17332052112314386,-0.36968393581566805,SPD,Sabine Dittmar
28,-5.826674602170863,0.9152086308774913,0.3652132652290875,SPD,Felix Döring
29,-5.0047405267385745,1.5606806479941293,-1.0247230830613936,SPD,Falko Droßmann
30,-5.945031147613987,-0.23080579568311446,-0.2771864070535754,SPD,Axel Echeverria
31,-6.282716313204498,-0.1217190495729146,-0.4675197697946054,SPD,Sonja Eichwede
32,-4.8870351679593265,0.9295140302739541,-0.6279736171343436,SPD,Heike Engelhardt
33,-5.1269556814607835,-0.3941749956876399,0.16085974537194303,SPD,Dr. Wiebke Esdar
34,-4.736111734485804,1.3559511030939935,1.8718070011896197,SPD,Saskia Esken
35,3.2740463604276155,3.409383933256319,0.6158726982878614,SPD,Yasmin Fahimi
36,-5.404838672072626,1.0241897516597793,1.4249346011802144,SPD,Ariane Fäscher
37,-5.955408426922562,0.07842207759841377,-0.7817407431488009,SPD,Dr. Johannes Fechner
38,-5.244370859040649,0.14603803390680725,-0.03833763213015998,SPD,Sebastian Fiedler
39,-5.071846727575484,0.8618867890894799,-0.15625804431893212,SPD,Dr. Edgar Franke
40,-5.596714527446465,-0.3420941982712612,-0.0962425151835244,SPD,Fabian Funke
41,-1.1520478687607565,0.4343499279367911,0.8542083981785334,SPD,Manuel Gava
42,-3.967203692853812,0.33790827386193756,-1.1929874900522552,SPD,Michael Gerdes
43,-5.926278810935014,-0.26749227379126805,-0.505525298232203,SPD,Martin Gerster
44,-6.109316580083033,-0.16964507697163725,-0.3771135407124072,SPD,Angelika Glöckner
45,2.3122342737967183,2.531326175547037,1.4395344115900888,SPD,Timon Gremmels
46,-5.073835851608658,0.5457501735665106,-0.9738403096076954,SPD,Kerstin Griese
47,-0.20720033026606582,3.2255683432171245,0.8646822455059553,SPD,Uli Grötsch
48,-6.206430483105984,0.0859270053749501,0.10827249529152654,SPD,Bettina Hagedorn
49,-5.9799684118209315,0.3970281411898813,-0.7888694761461622,SPD,Rita Hagl-Kehl
50,-6.282716313204498,-0.1217190495729146,-0.4675197697946054,SPD,Metin Hakverdi
51,-5.7641369561481675,-0.396755241217404,-0.7331237538451713,SPD,Sebastian Hartmann
52,-3.323249066492827,1.242759566080835,-0.6999155345491079,SPD,Dirk Heidenblut
53,-4.603433178607927,0.5063030373937154,-1.678461306889716,SPD,Hubertus Heil (Peine)
54,-5.92518002513262,-0.34202767075818263,-0.4161762156989399,SPD,Frauke Heiligenstadt
55,-5.465076191610543,0.19830234674051936,-0.649291134545425,SPD,Gabriela Heinrich
56,-3.277315660868739,2.098060726426014,-1.6187837449534683,SPD,Wolfgang Hellmich
57,-6.144007176197279,0.14758827613659395,-0.3427370463537085,SPD,Anke Hennig
58,-6.144007176197279,0.14758827613659395,-0.3427370463537085,SPD,Nadine Heselhaus
59,-4.977708938585793,0.7223316233520333,-0.9289040165737962,SPD,Thomas Hitschler
60,-5.959251010822345,0.07824845004058142,-0.732463593320854,SPD,Jasmina Hostert
61,-5.789433315032554,0.8871243236242176,-0.23286259010425703,SPD,Verena Hubertz
62,-5.9147505824380024,0.6242439129407361,-0.10426716895633982,SPD,Markus Hümpfer
63,-4.62736217172863,0.83987355960539,-1.4956778321091626,SPD,Frank Junge
64,-3.03570140772746,0.48506523579570515,-1.0766801661661338,SPD,Josip Juratovic
65,-6.282716313204498,-0.1217190495729146,-0.4675197697946054,SPD,Oliver Kaczmarek
66,-5.857820019098169,0.6962454941064798,-1.0660229652411362,SPD,Elisabeth Kaiser
67,-3.987647891756369,1.3568364291971173,0.5943062959682107,SPD,Macit Karaahmetoglu
68,-5.945031147613987,-0.23080579568311446,-0.2771864070535754,SPD,Carlos Kasper
69,-3.7022826053012627,-0.15147054857255515,-0.30077941246711454,SPD,Anna Kassautzki
70,-3.5570296784272974,0.3833605901600252,-0.8039861798067564,SPD,Gabriele Katzmarek
71,3.2740463604276155,3.409383933256319,0.6158726982878614,SPD,Rainer Johannes Keller
72,-6.282716313204498,-0.1217190495729146,-0.4675197697946054,SPD,Dr. Franziska Kersten
73,3.2740463604276155,3.409383933256319,0.6158726982878614,SPD,Cansel Kiziltepe
74,-5.792384077892479,-0.0018387804308089006,-0.33507016119122957,SPD,Helmut Kleebank
75,-4.944736146446996,0.6888642548314844,1.1963915863815584,SPD,Dr. Kristian Klinck
76,-5.507498410626299,-0.03169675354159242,-0.04724710329253105,SPD,Lars Klingbeil
77,-5.227264544071375,-0.4795595838207707,-0.17354594957049563,SPD,Annika Klose
78,-6.282716313204498,-0.1217190495729146,-0.4675197697946054,SPD,Tim Klüssendorf
79,-6.282716313204498,-0.1217190495729146,-0.4675197697946054,SPD,Dr. Bärbel Kofler
80,-4.6582899600741,-0.019824072680564214,-0.7788747802935095,SPD,Simona Koß
81,-4.633689934176968,0.21167533364459654,0.09428546445978662,SPD,Anette Kramme
82,-5.985011312728999,-0.3982764621740045,-0.3071792164449475,SPD,Dunja Kreiser
83,-6.282716313204498,-0.1217190495729146,-0.4675197697946054,SPD,Martin Kröber
84,-4.090964777773449,0.2692116749670491,-0.2911758547923221,SPD,Kevin Kühnert
85,-5.077047927047042,-0.2184371821529217,-0.43317501071099584,SPD,Sarah Lahrkamp
86,-6.142385897325318,0.025102139286876976,-0.536448835117195,SPD,Andreas Larem
87,-4.697771031620922,0.1281679236961406,-1.1520641541027754,SPD,Dr. Karl Lauterbach
88,-5.903682581722418,0.6046741961377461,-0.21307721106003008,SPD,Sylvia Lehmann
89,-6.282716313204498,-0.1217190495729146,-0.4675197697946054,SPD,Kevin Leiser
90,-6.282716313204498,-0.1217190495729146,-0.4675197697946054,SPD,Luiza Licina-Bode
91,-5.184272514559413,-0.5529497054641832,0.07825468692294517,SPD,Esra Limbacher
92,-5.940812076718617,0.6102411553281041,0.025296320456196994,SPD,Helge Lindh
93,-5.926278810935014,-0.26749227379126805,-0.505525298232203,SPD,Bettina Lugk
94,3.2740463604276155,3.409383933256319,0.6158726982878614,SPD,Heiko Maas
95,-6.142385897325318,0.025102139286876976,-0.536448835117195,SPD,Dr. Tanja Machalet
96,-6.0220607078842265,0.29613729157151614,0.03462539669425012,SPD,Isabel Mackensen-Geis
97,-2.7640304848956703,1.8607571094834883,0.9390469881330444,SPD,Erik von Malottki
98,-5.260481122544013,-0.474709162206833,-0.08301588226827984,SPD,Holger Mann
99,2.3122342737967183,2.531326175547037,1.4395344115900888,SPD,Kaweh Mansoori
100,-5.962414956815118,-0.11811472736360908,-0.44166023087403355,SPD,Dr. Zanda Martens
101,-4.094052706178298,0.26247975445014426,-0.6236524168121643,SPD,Dorothee Martin
102,-6.282716313204498,-0.1217190495729146,-0.4675197697946054,SPD,Parsa Marvi
103,-5.68072736900519,0.0942854741408555,-0.785184593067488,SPD,Franziska Mascheck
104,-5.468237157659082,-0.15706695007378607,0.9222913087849679,SPD,Katja Mast
105,-5.243622188882747,-0.20856773777578316,-0.8389758040040728,SPD,Andreas Mehltretter
106,-5.35902375701619,0.6770156099760126,0.8617746070626989,SPD,Takis Mehmet Ali
107,-6.282716313204498,-0.1217190495729146,-0.4675197697946054,SPD,Robin Mesarosch
108,-5.725716785931805,0.8461428089968132,1.2404366711108281,SPD,Kathrin Michel
109,-6.071729598805759,0.346521210256334,-0.09920448400575278,SPD,Dr. Matthias Miersch
110,-6.282716313204498,-0.1217190495729146,-0.4675197697946054,SPD,Matthias David Mieves
111,-6.115529221289733,-0.2240474901635903,-0.5496079388563301,SPD,Susanne Mittag
112,3.2740463604276155,3.409383933256319,0.6158726982878614,SPD,Falko Mohrs
113,-3.6324447240752944,0.2857649497802828,-0.03832646429025789,SPD,Claudia Moll
114,-5.555207450417432,0.15029868725058645,0.30274430702095845,SPD,Siemtje Möller
115,-1.034758912965696,1.9803330756479356,0.96334544684732,SPD,Bettina Müller
116,-5.903263032620842,0.20394973413801246,-0.14282582442024394,SPD,Michael Müller
117,-6.282716313204498,-0.1217190495729146,-0.4675197697946054,SPD,Detlef Müller (Chemnitz)
118,-4.638510470008398,0.8621461569329746,-1.2010993838455564,SPD,Michelle Müntefering
119,-3.8680755680036647,1.1052822729415146,0.3229248870260251,SPD,Dr. Rolf Mützenich
120,-3.033904860645359,1.6204011503686462,-0.6985249138365405,SPD,Rasha Nasr
121,-6.282716313204498,-0.1217190495729146,-0.4675197697946054,SPD,Brian Nickholz
122,-4.849952463961464,1.3233965267396404,-0.8645215769201157,SPD,Dietmar Nietan
123,-6.282716313204498,-0.1217190495729146,-0.4675197697946054,SPD,Jörg Nürnberger
124,-5.347424260206221,-0.7687584323090496,-0.4635337703861123,SPD,Lennard Oehl
125,-4.091050247081448,1.2685126571973606,-0.43324408047006013,SPD,Josephine Ortleb
126,-6.1284065478829435,0.11417864926102692,-0.6758570273819241,SPD,Mahmut Özdemir (Duisburg)
127,-4.09196119989762,1.4463303682052553,-0.0833548445554273,SPD,Aydan Özoguz
128,-3.0379395747109488,1.5486980909215935,-1.3404173648100628,SPD,Dr. Christos Pantazis
129,-5.89911651905327,0.8940688363955358,1.1500304420286298,SPD,Wiebke Papenbrock
130,-5.864756752050663,0.6846033620391568,-0.751157257173091,SPD,Mathias Papendieck
131,-5.8976424046249,0.26607870734376604,-0.20426921034887102,SPD,Natalie Pawlik
132,-6.282716313204498,-0.1217190495729146,-0.4675197697946054,SPD,Jens Peick
133,-2.448710451105131,2.2896361247414245,-0.2394751343621211,SPD,Christian Petry
134,3.2740463604276155,3.409383933256319,0.6158726982878614,SPD,Dr. Andreas Philippi
135,-6.282716313204498,-0.1217190495729146,-0.4675197697946054,SPD,Jan Plobner
136,-6.282716313204498,-0.1217190495729146,-0.4675197697946054,SPD,Sabine Poschmann
137,-5.809802764455561,-0.4543830978202784,-0.2055095566195123,SPD,Achim Post (Minden)
138,-5.211125288221968,1.5268685279394372,1.827863546890663,SPD,Ye-One Rhie
139,-6.282716313204498,-0.1217190495729146,-0.4675197697946054,SPD,Andreas Rimkus
140,-5.5274935732559385,0.3422434653406894,-1.115542450659013,SPD,Sönke Rix
141,-5.067642884403424,0.13336232421468194,0.8259379368410927,SPD,Dennis Rohde
142,-6.102745372694297,-0.2649359162234006,-0.3727311655514439,SPD,Sebastian Roloff
143,-6.282716313204498,-0.1217190495729146,-0.4675197697946054,SPD,Dr. Martin Rosemann
144,-2.6774543322590816,0.8377897774841584,-1.506621842278188,SPD,Jessica Rosenthal
145,-5.420055340418875,-0.6162963650005319,0.33018451795469084,SPD,Michael Roth (Heringen)
146,-6.142385897325318,0.025102139286876976,-0.536448835117195,SPD,Dr. Thorsten Rudolph
147,-6.282716313204498,-0.1217190495729146,-0.4675197697946054,SPD,Tina Rudolph
148,-6.282716313204498,-0.1217190495729146,-0.4675197697946054,SPD,Bernd Rützel
149,-4.532395059722321,1.4928612209638012,-1.1497067691004748,SPD,Sarah Ryglewski
150,-5.935810535724552,-0.2731412853703259,-0.48795499160932165,SPD,Johann Saathoff
151,-4.392004522980797,1.2882738224320596,-0.22881425226481097,SPD,Ingo Schäfer
152,-4.161790590553156,2.1552973503504735,-0.7908515572101311,SPD,Axel Schäfer (Bochum)
153,-5.7889675076685485,-0.09501850702443151,-0.8298478571199847,SPD,Rebecca Schamber
154,-3.7897708702930846,-0.00871448514362319,-0.33385913765247704,SPD,Johannes Schätzl
155,-6.148015428904273,0.13887515530846914,-0.6749967490918848,SPD,Dr. Nina Scheer
156,-5.8649418286540795,-0.004524753903451223,0.3709494982980759,SPD,Marianne Schieder
157,-5.1412927940413224,0.6743369565961345,0.2402655550944031,SPD,Udo Schiefner
158,-3.3223735232612492,-0.4316087838003235,0.3097399762240539,SPD,Peggy Schierenbeck
159,-4.515313027142947,0.2471328628624668,-1.0317173427241642,SPD,Timo Schisanowski
160,-5.783870152810225,0.30730017297354917,-0.9551954045879038,SPD,Christoph Schmid
161,-5.997226760615717,0.40723538284744487,-0.969220845485581,SPD,Dr. Nils Schmid
162,-2.5767676598904963,0.9741603124274926,-1.320812367692411,SPD,Uwe Schmidt
163,-6.098511139977698,-0.19209836003605282,-0.5689474157217219,SPD,Dagmar Schmidt (Wetzlar)
164,-6.139739380273345,0.14523788597011641,-0.72036233222526,SPD,Daniel Schneider
165,-4.369801751768315,1.7204622217424155,1.0308577305174749,SPD,Carsten Schneider (Erfurt)
166,-0.37227793024299344,3.6325479483180456,-0.6093449207523018,SPD,Olaf Scholz
167,-5.640424193240708,0.5975294608537297,1.061759270067736,SPD,Johannes Schraps
168,-5.742073637708215,-0.3378715842544062,-0.6069529441593197,SPD,Christian Schreider
169,-6.102745372694297,-0.2649359162234006,-0.3727311655514439,SPD,Michael Schrodi
170,-5.970315977857517,0.3827722234066795,-0.8269996662820799,SPD,Svenja Schulze
171,-5.076297098980968,1.6447145695109298,1.4914432931491906,SPD,Frank Schwabe
172,-3.7246113511018377,1.4665570591844845,-0.658481566092609,SPD,Stefan Schwartze
173,-4.404628400492153,0.3123821059755868,-0.7408817601150327,SPD,Andreas Schwarz
174,-5.878360187397171,0.6736758038645206,0.030671397207750903,SPD,Rita Schwarzelühr-Sutter
175,-2.758152035844752,1.1048712058446284,1.6108442538858718,SPD,Dr. Lina Seitzl
176,-6.282716313204498,-0.1217190495729146,-0.4675197697946054,SPD,Svenja Stadler
177,-5.865010394355753,-0.13735132189504587,-0.6989745329643618,SPD,Martina Stamm-Fibich
178,-3.264469958286255,0.041569798302274336,-1.1543718460492411,SPD,Dr. Ralf Stegner
179,-6.282716313204498,-0.1217190495729146,-0.4675197697946054,SPD,Mathias Stein
180,-3.917097659394324,2.1010736206723366,2.5896884425508198,SPD,Nadja Sthamer
181,-4.623768163196447,2.958608750176516,3.0391737001635377,SPD,Ruppert Stüwe
182,-5.561882756479304,1.0999379164562033,0.8362179681526721,SPD,Claudia Tausend
183,-5.433640272132648,0.18004969189740347,-0.9580897085978356,SPD,Michael Thews
184,-6.282716313204498,-0.1217190495729146,-0.4675197697946054,SPD,Markus Töns
185,-6.282716313204498,-0.1217190495729146,-0.4675197697946054,SPD,Carsten Träger
186,-6.282716313204498,-0.1217190495729146,-0.4675197697946054,SPD,Anja Troff-Schaffarzyk
187,-3.848150505171402,0.4253255221896728,0.37452386111539526,SPD,Derya Türk-Nachbaur
188,-5.440219274411134,-0.17727900843735375,-0.9598329579354287,SPD,Frank Ullrich
189,-6.282716313204498,-0.1217190495729146,-0.4675197697946054,SPD,Marja-Liisa Völlers
190,-6.282716313204498,-0.1217190495729146,-0.4675197697946054,SPD,Dirk Vöpel
191,-5.672702325732311,0.1550139817140332,-0.6408448953500299,SPD,Dr. Carolin Wagner
192,-4.631981443300313,1.1809065537137657,-0.017594669628779994,SPD,Maja Wallstein
193,-6.04150126045746,0.19116822521154309,0.034203475292562534,SPD,Hannes Walter
194,-6.282716313204498,-0.1217190495729146,-0.4675197697946054,SPD,Carmen Wegge
195,-3.3271428520385875,1.650916112618853,1.1422360924403538,SPD,Melanie Wegling
196,-4.012332682836179,-0.46233088013995527,0.20415275177983103,SPD,Dr. Joe Weingarten
197,-2.520185997078282,0.03127963531373698,-0.7879813033689599,SPD,Lena Werner
198,-3.9209581554104025,0.19427361124086048,-0.3233961677947458,SPD,Bernd Westphal
199,-6.282716313204498,-0.1217190495729146,-0.4675197697946054,SPD,Dirk Wiese
200,-5.499786187755728,0.01149049259350464,-0.6281845860954886,SPD,Dr. Herbert Wollmann
201,-4.31887344463481,0.5850836788465098,1.1012073067369728,SPD,Gülistan Yüksel
202,-5.500858584961176,-0.024984309469948632,-0.10522969907215177,SPD,Stefan Zierke
203,-6.282716313204498,-0.1217190495729146,-0.4675197697946054,SPD,Dr. Jens Zimmermann
204,-5.7942905010094385,0.008006958511535406,-0.7200141591990153,SPD,Armand Zorn
205,-6.282716313204498,-0.1217190495729146,-0.4675197697946054,SPD,Katrin Zschau
206,5.599754392743684,-5.988731877678806,0.23569679345430516,CDU/CSU,Knut Abraham
207,5.645250428963265,-6.328418513851452,0.00948642408629162,CDU/CSU,Stephan Albani
208,5.621339465152738,-5.458610940258045,0.5866717439869711,CDU/CSU,Norbert Maria Altenkamp
209,5.4592496397287675,-6.258926180543408,-0.0050670430535176975,CDU/CSU,Philipp Amthor
210,5.252865739738307,-4.692924112515525,0.459705479747335,CDU/CSU,Artur Auernhammer
211,5.645250428963265,-6.328418513851452,0.00948642408629162,CDU/CSU,Peter Aumer
212,5.5018352447476175,-5.316060262108053,0.6379968200234509,CDU/CSU,Dorothee Bär
213,4.342397460500245,-4.047985177384096,-0.24117898808940844,CDU/CSU,Thomas Bareiß
214,3.2027058909763917,2.2192833879185776,1.445487871717665,CDU/CSU,Dr. André Berghegger
215,5.757224261500574,-4.564358228017691,0.5602326684279997,CDU/CSU,Peter Beyer
216,5.920281729142669,-5.921003120110278,-0.2669196205335774,CDU/CSU,Marc Biadacz
217,5.561106354511384,-5.776443307346245,-0.24053298666332115,CDU/CSU,Steffen Bilger
218,5.5554992251827855,-4.011259489826698,-0.2028005433413438,CDU/CSU,Simone Borchardt
219,5.189761301306946,-5.326319937319626,-0.24778638135900258,CDU/CSU,Michael Brand (Fulda)
220,5.2692377839042495,-6.2013843550672405,-0.016809111200957974,CDU/CSU,Dr. Reinhard Brandl
221,5.7446232941668045,-5.509619390294956,-0.3452615351342885,CDU/CSU,Dr. Helge Braun
222,6.02576044651655,-4.276082763943658,0.3021447283471982,CDU/CSU,Silvia Breher
223,5.047301923373436,-5.858144127471484,0.5985627721699365,CDU/CSU,Sebastian Brehm
224,5.453934364244686,-4.79401157032805,-0.7346015098546055,CDU/CSU,Heike Brehmer
225,5.684403500416544,-5.240764154209834,-0.4314837884469099,CDU/CSU,Michael Breilmann
226,5.645250428963265,-6.328418513851452,0.00948642408629162,CDU/CSU,Ralph Brinkhaus
227,6.189213383093869,-5.4967840483042,0.18985996282190307,CDU/CSU,Dr. Carsten Brodesser
228,4.530610823546282,-4.124882341076532,-0.27825781411251665,CDU/CSU,Dr. Marlon Bröhr
229,4.742527357690081,-0.6782906571671546,1.1631641289020658,CDU/CSU,Yannick Bury
230,5.788353142018401,-6.057898076216986,-0.20330690334078716,CDU/CSU,Gitta Connemann
231,5.157110935669417,-4.644514995036668,-0.6518495751767888,CDU/CSU,Mario Czaja
232,4.899958405435194,-4.899120635098629,0.041054666374317164,CDU/CSU,Astrid Damerow
233,5.745933380981256,-5.756491598364255,-0.15041075779028867,CDU/CSU,Alexander Dobrindt
234,5.719278389795537,-5.913202798476321,0.5932978382351843,CDU/CSU,Michael Donth
235,6.062078794554737,-5.644963873883865,0.19033966492716178,CDU/CSU,Hansjörg Durz
236,5.523574733709202,-6.1027676013372085,-0.0376435091398787,CDU/CSU,Ralph Edelhäußer
237,4.164770953244789,-3.825039034836011,-0.7663855890630696,CDU/CSU,Alexander Engelhard
238,5.7139560177583215,-6.108520479194717,0.6828881196350265,CDU/CSU,Martina Englhardt-Kopf
239,4.109345250293125,-4.4581839316777065,-0.42535353683917415,CDU/CSU,Thomas Erndl
240,5.536028626003517,-5.416203136150355,-0.0025605001490771953,CDU/CSU,Hermann Färber
241,5.740716831629838,-4.00947423012826,0.42685574132909887,CDU/CSU,Uwe Feiler
242,5.185917247545308,-5.964938958679436,0.6552708451359159,CDU/CSU,Enak Ferlemann
243,5.924962645681677,-5.9181906417845696,0.0785433852665994,CDU/CSU,Thorsten Frei
244,3.9032256789872326,-2.729531001321407,-1.2798361222306156,CDU/CSU,Dr. Hans-Peter Friedrich (Hof)
245,6.481515957172742,-2.865075370465174,3.0203994798755813,CDU/CSU,Michael Frieser
246,4.197374920448061,-4.00144978737655,-0.11457239134121036,CDU/CSU,Ingo Gädechens
247,5.798100121956911,-5.0362928843318375,-0.013743334351920357,CDU/CSU,Dr. Thomas Gebhart
248,5.548543881331146,-5.396470954395124,-0.7062560222892347,CDU/CSU,Dr. Jonas Geissler
249,5.215892043922818,-4.452403579690101,-0.808037644996513,CDU/CSU,Fabian Gramling
250,5.941933215517147,-5.121866572843461,0.539562485524351,CDU/CSU,Dr. Ingeborg Gräßle
251,5.461045255736466,-6.258039203388314,0.11091407001340824,CDU/CSU,Hermann Gröhe
252,5.835309420139447,-3.814832569814495,1.8453909578247492,CDU/CSU,Michael Grosse-Brömer
253,4.908473771318716,-4.724386978116736,-0.10587634612313748,CDU/CSU,Markus Grübel
254,5.798271008700684,-2.4021153799485653,0.7377018715981095,CDU/CSU,Manfred Grund
255,5.665451315515247,-5.4074252112246555,0.23520006212658395,CDU/CSU,Oliver Grundmann
256,5.200509622038369,-5.638957646718983,0.2633678537718331,CDU/CSU,Monika Grütters
257,5.588653975155709,-4.97239652321695,0.4765970875853844,CDU/CSU,Serap Güler
258,5.5512318114876456,-5.808709223032746,0.09091051438564333,CDU/CSU,Fritz Güntzler
259,4.9792302532749115,-2.6060330377070913,-0.9717046093847507,CDU/CSU,Olav Gutting
260,5.082099560132855,-5.915508913693611,0.015978151752202484,CDU/CSU,Christian Haase
261,5.034989814864358,-5.643666913078174,-0.28670844722565086,CDU/CSU,Florian Hahn
262,5.249238538874346,-5.227030011043057,-0.6682016060157009,CDU/CSU,Jürgen Hardt
263,5.645250428963265,-6.328418513851452,0.00948642408629162,CDU/CSU,Matthias Hauer
264,5.778136313376751,-4.640445309065467,-0.27655595430963403,CDU/CSU,Dr. Stefan Heck
265,3.849760265772509,-3.015646334415228,-0.39436091886043134,CDU/CSU,Mechthild Heil
266,5.252518066873675,-4.707001229912237,0.49272950045408953,CDU/CSU,Thomas Heilmann
267,5.645250428963265,-6.328418513851452,0.00948642408629162,CDU/CSU,Mark Helfrich
268,3.2740463604276155,3.409383933256319,0.6158726982878614,CDU/CSU,Michael Hennrich
269,5.805021397415678,-6.076628258631688,-0.05902071983461056,CDU/CSU,Marc Henrichmann
270,5.951681736856436,-5.369331576874423,0.5294847468118216,CDU/CSU,Ansgar Heveling
271,5.74619453496181,-5.840560617197711,-0.1618548941904591,CDU/CSU,Susanne Hierl
272,5.830815674094571,-5.421207664330386,0.16097025227079007,CDU/CSU,Christian Hirte
273,5.645250428963265,-6.328418513851452,0.00948642408629162,CDU/CSU,Alexander Hoffmann
274,4.887879696797482,-5.081462260226952,-0.865245681936943,CDU/CSU,Dr. Hendrik Hoppenstedt
275,6.049606554770592,-5.533023660414018,0.507677591088648,CDU/CSU,Franziska Hoppermann
276,5.477736378186314,-4.066534680172512,-1.4155648817383228,CDU/CSU,Hubert Hüppe
277,4.00141312982206,-2.40902332771409,-1.8847514336518036,CDU/CSU,Erich Irlstorfer
278,5.779951313263489,-6.067824308970069,-0.19799055521098774,CDU/CSU,Anne Janssen
279,5.749445049534872,-5.701555841745399,-0.39609325920276894,CDU/CSU,Thomas Jarzombek
280,5.781380850359954,-4.6402768104545995,-0.2462159236482704,CDU/CSU,Andreas Jung
281,3.2027058909763917,2.2192833879185776,1.445487871717665,CDU/CSU,Ingmar Jung
282,5.785580844842444,-6.181597324991661,-0.05944264123629798,CDU/CSU,Anja Karliczek
283,5.1494257926549585,-5.031922593417026,0.4337178601187905,CDU/CSU,Ronja Kemmer
284,3.335169837001883,-3.944090649245623,0.027971083155360017,CDU/CSU,Roderich Kiesewetter
285,5.189627197821868,-5.647308759952618,-0.13922851431630315,CDU/CSU,Michael Kießling
286,5.508794972797545,-4.948712788046127,-0.2635542376622504,CDU/CSU,Dr. Georg Kippels
287,5.2834799081747885,-6.180947448853532,0.15435912016090414,CDU/CSU,Dr. Ottilie Klein
288,5.209362288370503,-5.068076428921956,1.392630689535399,CDU/CSU,Volkmar Klein
289,5.180911814563613,-4.063793909075783,0.5180868678662074,CDU/CSU,Julia Klöckner
290,5.645250428963265,-6.328418513851452,0.00948642408629162,CDU/CSU,Axel Knoerig
291,6.710106635446645,1.447417063232433,2.6884230424407267,CDU/CSU,Jens Koeppen
292,4.674857655030768,-3.7069801664111846,0.5582806692626154,CDU/CSU,Anne König
293,5.508998105320394,-5.021763639295848,-0.15675298311315866,CDU/CSU,Markus Koob
294,5.00167447460513,-1.5653677161907702,1.3303018578916723,CDU/CSU,Carsten Körber
295,5.5381625843562095,-5.456145210000741,-0.26520250246617444,CDU/CSU,Gunther Krichbaum
296,4.884239154774828,-5.874881964856699,-0.015145882431689385,CDU/CSU,Dr. Günter Krings
297,3.2740463604276155,3.409383933256319,0.6158726982878614,CDU/CSU,Tilman Moritz Kuban
298,5.543233058476183,-5.782964278890842,0.27584039838990587,CDU/CSU,Ulrich Lange
299,5.8231037068009,-3.4376102545799805,1.6523018906714928,CDU/CSU,Armin Laschet
300,5.491174233202781,-5.340957433587976,-0.3322707585227932,CDU/CSU,Dr. Silke Launert
301,5.09306314149293,-5.848589759215894,-0.4979496931236267,CDU/CSU,Jens Lehmann
302,5.645250428963265,-6.328418513851452,0.00948642408629162,CDU/CSU,Paul Lehrieder
303,5.164762758085198,-3.240832953723457,-0.22267258646200858,CDU/CSU,Dr. Katja Leikert
304,5.582456810454262,-5.979721425315983,0.26326143280583314,CDU/CSU,Dr. Andreas Lenz
305,6.221831661089673,-4.17685702915161,0.24871472806860195,CDU/CSU,Andrea Lindholz
306,6.292104821128217,-4.900194494035095,1.9302679809658985,CDU/CSU,Dr. Carsten Linnemann
307,5.42726463973319,-4.657269325453218,0.17357287485915618,CDU/CSU,Patricia Lips
308,6.095791243532354,-5.1474844749524085,0.5455538260179218,CDU/CSU,Bernhard Loos
309,5.582658332571037,-4.9084063129039714,0.45149642473554435,CDU/CSU,Dr. Jan-Marco Luczak
310,5.512109760350747,-5.14969457314583,-0.4213892639543237,CDU/CSU,Daniela Ludwig
311,5.645250428963265,-6.328418513851452,0.00948642408629162,CDU/CSU,Klaus Mack
312,5.887432512110982,-4.407107516236181,0.5673613201883843,CDU/CSU,Yvonne Magwas
313,4.653738629094199,-4.2008490223927115,-0.15733180316223672,CDU/CSU,Andreas Mattfeldt
314,5.411363815791127,-6.053676189052355,0.03024293654337836,CDU/CSU,Stephan Mayer (Altötting)
315,5.541817573496598,-6.0716786636968525,0.5236257419254153,CDU/CSU,Volker Mayer-Lay
316,5.645250428963265,-6.328418513851452,0.00948642408629162,CDU/CSU,Dr. Michael Meister
317,6.851214582032376,-3.8428634451613615,1.5959791958613596,CDU/CSU,Friedrich Merz
318,5.645250428963265,-6.328418513851452,0.00948642408629162,CDU/CSU,Jan Metzler
319,5.332600000153949,-5.458097493562034,0.5510541546044396,CDU/CSU,Dr. Mathias Middelberg
320,5.59574614003669,-5.997444998506931,-0.09656290928387114,CDU/CSU,Dietrich Monstadt
321,5.601375671615646,-6.111218014528523,0.04198500469081864,CDU/CSU,Maximilian Mörseburg
322,5.785580844842444,-6.181597324991661,-0.05944264123629798,CDU/CSU,Axel Müller
323,5.588534282757498,-5.679964048179825,1.176687512039268,CDU/CSU,Florian Müller
324,6.0288502231144925,-5.312630627883002,1.6270366359095272,CDU/CSU,Sepp Müller
325,6.15049119163845,-5.366957574489351,1.0783299014984054,CDU/CSU,Carsten Müller (Braunschweig)
326,3.9123932054566173,-1.0021945065722904,1.6697928628630794,CDU/CSU,Stefan Müller (Erlangen)
327,5.645250428963265,-6.328418513851452,0.00948642408629162,CDU/CSU,Dr. Stefan Nacke
328,5.645250428963265,-6.328418513851452,0.00948642408629162,CDU/CSU,Petra Nicolaisen
329,5.8233417811233545,-4.101723044396238,2.006290729162276,CDU/CSU,Wilfried Oellers
330,5.427854523033899,-5.432643575080427,-0.10987244797090369,CDU/CSU,Moritz Oppelt
331,5.658216495380304,-5.23617890743882,0.3287955881512627,CDU/CSU,Florian Oßner
332,5.413842997030922,-5.657065159276507,-0.4987790429919553,CDU/CSU,Josef Oster
333,4.74592318828866,-5.219416247921096,-0.37260637252161166,CDU/CSU,Henning Otte
334,4.0976543853242395,-1.9337110257982633,0.673258395836586,CDU/CSU,Stephan Pilsinger
335,5.798279018310431,-6.052170123327647,-0.20289840386254954,CDU/CSU,Dr. Christoph Ploß
336,5.77236900059214,-5.855500882924516,0.3200218172850464,CDU/CSU,Dr. Martin Plum
337,6.235421442976979,-5.376000233065322,-0.5590252363100269,CDU/CSU,Thomas Rachel
338,5.952896857315864,-5.111274539211604,-0.5068915311004056,CDU/CSU,Kerstin Radomski
339,5.89640548607272,-4.710979365724672,0.9255206215941929,CDU/CSU,Alexander Radwan
340,6.0462364501627155,-5.763740983847231,0.44270252525255754,CDU/CSU,Alois Rainer
341,5.503052595011819,-0.7626039256096814,1.137972287903531,CDU/CSU,Dr. Peter Ramsauer
342,5.610545035621638,-5.984569327731793,0.2525371769323074,CDU/CSU,Henning Rehbaum
343,5.9927841970281,-5.710231324972027,0.6408504283117842,CDU/CSU,Dr. Markus Reichel
344,4.521691506368295,-4.447999191386915,-0.36501090739851577,CDU/CSU,Josef Rief
345,5.645250428963265,-6.328418513851452,0.00948642408629162,CDU/CSU,Lars Rohwer
346,5.49212235999255,-5.381364263703784,0.974442778365904,CDU/CSU,Dr. Norbert Röttgen
347,5.2858367074630275,-6.201932567742041,0.009244410187973048,CDU/CSU,Stefan Rouenhoff
348,4.849070785009895,-5.073180875836607,-0.4603503804637083,CDU/CSU,Thomas Röwekamp
349,5.461045255736466,-6.258039203388314,0.11091407001340824,CDU/CSU,Erwin Rüddel
350,5.749754097408238,-5.862084006138296,-0.023126274558835792,CDU/CSU,Albert Rupprecht
351,3.2740463604276155,3.409383933256319,0.6158726982878614,CDU/CSU,Catarina dos Santos Firnhaber
352,3.2740463604276155,3.409383933256319,0.6158726982878614,CDU/CSU,Dr. Wolfgang Schäuble
353,5.697095888787965,-5.316093524655719,0.4648507770033481,CDU/CSU,Dr. Christiane Schenderlein
354,3.7691719240734307,0.7208812911600663,1.6512708465792654,CDU/CSU,Andreas Scheuer
355,4.55416860257671,-2.495587097775666,1.0394833536617054,CDU/CSU,Jana Schimke
356,5.799560194284819,-6.092520815017511,-0.19885083350102717,CDU/CSU,Patrick Schnieder
357,6.274889266315059,-3.153685912076749,0.32540144697021417,CDU/CSU,Nadine Schön
358,5.805021397415678,-6.076628258631688,-0.05902071983461056,CDU/CSU,Felix Schreiner
359,3.2027058909763917,2.2192833879185776,1.445487871717665,CDU/CSU,Armin Schwarz
360,5.645250428963265,-6.328418513851452,0.00948642408629162,CDU/CSU,Detlef Seif
361,5.645250428963265,-6.328418513851452,0.00948642408629162,CDU/CSU,Thomas Silberhorn
362,4.996164213572358,-4.842448647563695,0.057870873848217506,CDU/CSU,Björn Simon
363,5.625610536714536,-5.037913583312622,-0.6968425467364059,CDU/CSU,Tino Sorge
364,6.5312128854551155,-4.466543591819893,2.3894850053262804,CDU/CSU,Jens Spahn
365,5.224315420143311,-4.720474384957029,-0.5384525411543571,CDU/CSU,Katrin Staffler
366,6.083200268890714,-3.1705644684593195,2.3880427776325805,CDU/CSU,Dr. Wolfgang Stefinger
367,5.187698011225576,-5.617317883490748,0.6945098150873574,CDU/CSU,Albert Stegemann
368,5.369968239683303,-5.439864659953578,-0.4662804623874283,CDU/CSU,Johannes Steiniger
369,5.461045255736466,-6.258039203388314,0.11091407001340824,CDU/CSU,Christian Frhr. von Stetten
370,6.087851295498389,-5.212454584962224,0.026786756621005034,CDU/CSU,Dieter Stier
371,3.4897718303250937,0.11684477732026849,1.4562536163563184,CDU/CSU,Diana Stöcker
372,3.2740463604276155,3.409383933256319,0.6158726982878614,CDU/CSU,Gero Storjohann
373,5.411363815791127,-6.053676189052355,0.03024293654337836,CDU/CSU,Stephan Stracke
374,6.407165794482184,-4.681644544665854,1.1506694266940136,CDU/CSU,Max Straubinger
375,4.7601330624082046,-2.631758642187404,-1.7764418613796853,CDU/CSU,Christina Stumpp
376,5.645250428963265,-6.328418513851452,0.00948642408629162,CDU/CSU,Dr. Hermann-Josef Tebroke
377,6.045709557446974,-5.999715298920472,-0.07615083284806969,CDU/CSU,Hans-Jürgen Thies
378,5.9164236708413895,-4.767461618852052,-0.06829985222306215,CDU/CSU,Alexander Throm
379,5.074553427753871,-5.69146547561924,0.1997222201704885,CDU/CSU,Antje Tillmann
380,4.438415963239286,-3.4014193566938355,1.1422069512257942,CDU/CSU,Astrid Timmermann-Fechter
381,5.601375671615646,-6.111218014528523,0.04198500469081864,CDU/CSU,Markus Uhl
382,5.785580844842444,-6.181597324991661,-0.05944264123629798,CDU/CSU,Dr. Volker Ullrich
383,4.972637226361677,-5.27084903921312,0.07461870418445825,CDU/CSU,Kerstin Vieregge
384,5.645250428963265,-6.328418513851452,0.00948642408629162,CDU/CSU,Dr. Oliver Vogt
385,5.4592496397287675,-6.258926180543408,-0.0050670430535176975,CDU/CSU,Christoph de Vries
386,6.110190823666285,-4.283525390105246,-0.6948807660192439,CDU/CSU,Dr. Johann David Wadephul
387,4.652940055128458,-2.6280753409130515,-0.07753619556154678,CDU/CSU,Marco Wanderwitz
388,6.5497696897299935,-4.662135453774763,0.8480688427475678,CDU/CSU,Nina Warken
389,5.18852392012744,-5.344276733445448,-0.5278544335794844,CDU/CSU,Dr. Anja Weisgerber
390,4.824925051081424,-2.1881853165847107,0.8088703086727227,CDU/CSU,Maria-Lena Weiss
391,4.711899096500455,-2.3071182432767494,-0.46832584806105304,CDU/CSU,Sabine Weiss (Wesel I)
392,5.0554011760522535,-4.765868515106022,-1.4704951024528738,CDU/CSU,Kai Whittaker
393,5.061282909578565,-5.894164788109,0.3302408396567497,CDU/CSU,Annette Widmann-Mauz
394,5.645250428963265,-6.328418513851452,0.00948642408629162,CDU/CSU,Dr. Klaus Wiener
395,5.349398166274281,-5.395518504732854,-0.20773565823720533,CDU/CSU,Klaus-Peter Willsch
396,5.593244354076828,-5.232188986491327,1.2490278325364301,CDU/CSU,Elisabeth Winkelmeier-Becker
397,5.439152333220374,-4.378210799519443,0.9730012364648662,CDU/CSU,Tobias Winkler
398,5.645250428963265,-6.328418513851452,0.00948642408629162,CDU/CSU,Mechthilde Wittmann
399,6.0297066575500855,-4.651265578988735,1.082051511996958,CDU/CSU,Mareike Lotte Wulf
400,5.099331117011454,-3.865846197873611,-1.3386404906193892,CDU/CSU,Emmi Zeulner
401,5.565673581112681,-5.817778490218414,-0.1780943210439402,CDU/CSU,Paul Ziemiak
402,5.2190625868243306,-4.698093654578267,-0.30053591702202415,CDU/CSU,Nicolas Zippelius
403,-3.9747672398023743,0.07292461417123924,1.8134974791064908,BÜ90/GR,Stephanie Aeffner
404,-3.26123263042337,2.567865340083234,1.141431609166659,BÜ90/GR,Luise Amtsberg
405,-5.862037485808866,0.3282334541910633,-0.47460956595845816,BÜ90/GR,Andreas Audretsch
406,-6.142525028798467,-0.183228965898404,-0.4320456742307822,BÜ90/GR,Maik Außendorf
407,3.2740463604276155,3.409383933256319,0.6158726982878614,BÜ90/GR,Tobias Bacherle
408,-4.961611324210756,1.6362196497408183,-1.0456707180214198,BÜ90/GR,Lisa Badum
409,-2.5930255636014348,1.2381078708758222,-1.5752814672153208,BÜ90/GR,Annalena Baerbock
410,-5.789741248987661,0.5610505401572577,0.39352889701880933,BÜ90/GR,Felix Banaszak
411,-5.969125295677002,-0.23115499329712666,-0.34163944514858413,BÜ90/GR,Karl Bär
412,-2.4275066478494507,5.28284112233048,7.421366344037884,BÜ90/GR,Canan Bayram
413,-5.633822518734328,0.960627807048653,1.3682688809488275,BÜ90/GR,Katharina Beck
414,-5.9894964394513,0.09301942462540178,-0.6444305021796236,BÜ90/GR,Lukas Benner
415,-5.871564139648296,0.3460528740657004,-0.39643014081896444,BÜ90/GR,Dr. Franziska Brantner
416,-4.912270071748458,0.14350280412632407,-0.757107620751889,BÜ90/GR,Agnieszka Brugger
417,-4.516719700057841,1.3307374451008087,0.8152747326591502,BÜ90/GR,Frank Bsirske
418,-5.665018014874909,-0.5319758236484691,-0.42167947434634356,BÜ90/GR,Dr. Anna Christmann
419,-5.9954323320475,0.10362093526514013,-0.6102785629529546,BÜ90/GR,Dr. Janosch Dahmen
420,-2.5849091182742896,-0.1741696873438903,-0.8210397500265733,BÜ90/GR,Ekin Deligöz
421,-5.9954323320475,0.10362093526514013,-0.6102785629529546,BÜ90/GR,Dr. Sandra Detzer
422,-5.239129118422603,1.4900412358441477,-0.2985235060805738,BÜ90/GR,Katharina Dröge
423,-5.475617885836907,1.246337044472869,0.863732909839209,BÜ90/GR,Deborah Düring
424,-4.4096101209793295,1.0738731940091322,-0.9063119954464786,BÜ90/GR,Harald Ebner
425,-5.9018368687671705,-0.10631600618718809,-0.44917578724424156,BÜ90/GR,Leon Eckert
426,-5.170363935613113,1.557574463044343,1.5822680586676927,BÜ90/GR,Marcel Emmerich
427,-5.646495546572283,-0.017168149723771592,-0.458791874874083,BÜ90/GR,Emilia Fester
428,-3.498205391030668,0.6662781533726626,0.1320432921911041,BÜ90/GR,Schahina Gambir
429,-1.6968981276557698,1.8401877972688243,0.9695367246447734,BÜ90/GR,Tessa Ganserer
430,-6.142525028798467,-0.183228965898404,-0.4320456742307822,BÜ90/GR,Matthias Gastel
431,-5.6537763381804025,0.26602589155634837,-0.7388419134425295,BÜ90/GR,Kai Gehring
432,-6.142525028798467,-0.183228965898404,-0.4320456742307822,BÜ90/GR,Stefan Gelbhaar
433,-5.28294428175579,1.5548769277105379,0.941364943723485,BÜ90/GR,Dr. Jan-Niclas Gesenhues
434,-5.144218721779535,0.2986168526180588,0.004668227020676229,BÜ90/GR,Katrin Göring-Eckardt
435,-5.911929433378399,0.26031478788340234,-0.06459066673196891,BÜ90/GR,Dr. Armin Grau
436,-3.583904152462618,1.0244510795314734,0.17299499255768785,BÜ90/GR,Erhard Grundl
437,-3.1712638555063,0.8512041247522449,-1.2470249007416943,BÜ90/GR,Sabine Grützmacher
438,-5.736213060081649,0.19919009907749352,0.8670472900433793,BÜ90/GR,Dr. Robert Habeck
439,-6.142525028798467,-0.183228965898404,-0.4320456742307822,BÜ90/GR,Britta Haßelmann
440,-5.742296383015247,0.4105654121057285,-0.07350602035247703,BÜ90/GR,Linda Heitmann
441,-5.1341847017527815,1.1190294495421982,1.1053195177181458,BÜ90/GR,Kathrin Henneberger
442,-5.004439558150553,0.3467959905194352,-0.7338440180548121,BÜ90/GR,Bernhard Herrmann
443,-5.345264912033654,0.4330580902086779,-1.183957766575931,BÜ90/GR,Dr. Bettina Hoffmann
444,-5.175683001511997,1.5770467431465045,1.003128210561165,BÜ90/GR,Dr. Anton Hofreiter
445,-5.666754481832977,0.16060476659260314,-0.49482054001252557,BÜ90/GR,Bruno Hönel
446,-5.99173636050991,0.08513126164057158,-0.7262697706244783,BÜ90/GR,Dieter Janecek
447,-5.344401629028432,-0.46290002586031376,-0.43114544540702276,BÜ90/GR,Lamya Kaddor
448,-5.815409245270441,0.01257692171283395,-0.7494952285227418,BÜ90/GR,Dr. Kirsten Kappert-Gonther
449,-4.918059943395097,0.45604694016451364,-1.1472227053447512,BÜ90/GR,Michael Kellner
450,-6.142525028798467,-0.183228965898404,-0.4320456742307822,BÜ90/GR,Katja Keul
451,-5.758925234647239,0.8325589200700464,1.1855045375924531,BÜ90/GR,Misbah Khan
452,-2.3617525302083937,1.4949274003975297,-0.3147308945017391,BÜ90/GR,Sven-Christian Kindler
453,-6.066239198699953,0.02441708904946069,0.1437465908553497,BÜ90/GR,Maria Klein-Schmeink
454,-4.126254076508463,1.7034281186602405,0.32049492101681504,BÜ90/GR,Chantal Kopf
455,-6.142525028798467,-0.183228965898404,-0.4320456742307822,BÜ90/GR,Laura Kraft
456,-6.142525028798467,-0.183228965898404,-0.4320456742307822,BÜ90/GR,Philip Krämer
457,3.2740463604276155,3.409383933256319,0.6158726982878614,BÜ90/GR,Oliver Krischer
458,1.312038786748381,3.1264198088101787,1.3695856674105926,BÜ90/GR,Christian Kühn (Tübingen)
459,-6.142525028798467,-0.183228965898404,-0.4320456742307822,BÜ90/GR,Renate Künast
460,-5.503653903658638,0.23783719043672255,-0.39998023581262465,BÜ90/GR,Markus Kurth
461,-4.369680222638039,1.5857059405014673,-1.02315191596373,BÜ90/GR,Ricarda Lang
462,-2.246845647366981,2.391847926200003,1.5547535901853196,BÜ90/GR,Sven Lehmann
463,-2.2888605038060756,2.706184435522459,0.503987600929674,BÜ90/GR,Steffi Lemke
464,-6.004736216093392,0.0840971594998847,-0.3070460915082195,BÜ90/GR,Anja Liebert
465,-5.866431843657171,-0.07326951562001191,0.24027629600441047,BÜ90/GR,Helge Limburg
466,-3.711850951093881,2.051186610423289,0.2000980696606259,BÜ90/GR,Dr. Tobias Lindner
467,-3.5306326254550227,2.479178015180696,1.3996527644212273,BÜ90/GR,Denise Loop
468,-4.888938019103168,0.6612209791773774,0.1384957802927812,BÜ90/GR,Max Lucks
469,-4.826032901006256,0.28722201033832884,-1.095595798038953,BÜ90/GR,Dr. Anna Lührmann
470,3.2740463604276155,3.409383933256319,0.6158726982878614,BÜ90/GR,Zoe Mayer
471,-6.142525028798467,-0.183228965898404,-0.4320456742307822,BÜ90/GR,Susanne Menge
472,-6.142525028798467,-0.183228965898404,-0.4320456742307822,BÜ90/GR,Swantje Henrike Michaelsen
473,-5.99942231574333,0.08729147173606253,-0.6448390016578611,BÜ90/GR,Dr. Irene Mihalic
474,-5.071739775859191,0.9023555948140675,0.7190158139043498,BÜ90/GR,Boris Mijatovic
475,-4.321746630949665,1.2861762211233558,-1.0344078713228244,BÜ90/GR,Claudia Müller
476,-6.142525028798467,-0.183228965898404,-0.4320456742307822,BÜ90/GR,Sascha Müller
477,-5.793456133043105,-0.2859327048856759,-0.2669781016868358,BÜ90/GR,Beate Müller-Gemmeke
478,-5.643678868404194,0.24579025664805973,-0.9197213090240807,BÜ90/GR,Sara Nanni
479,-5.639625821555681,-0.05711674757342036,-0.8381962991684669,BÜ90/GR,Dr. Ingrid Nestle
480,-5.969765331571008,-0.23458930250627721,-0.33354740640152847,BÜ90/GR,Dr. Ophelia Nick
481,-6.142525028798467,-0.183228965898404,-0.4320456742307822,BÜ90/GR,Dr. Konstantin von Notz
482,-4.431735996051843,0.7629035248077672,0.7040590035777953,BÜ90/GR,Omid Nouripour
483,-3.339757037192543,2.6311803797749316,0.6809612132933727,BÜ90/GR,Karoline Otte
484,-5.2314794690914805,-0.229620986300918,-0.9810137514301925,BÜ90/GR,Cem Özdemir
485,-4.453210637224053,0.6593193828036127,0.07625274422778659,BÜ90/GR,Julian Pahlke
486,-5.165475220288987,0.45665153450978846,-0.2765113768851477,BÜ90/GR,Lisa Paus
487,-5.526792842250604,0.10202782793985563,-0.5580723032988497,BÜ90/GR,Dr. Paula Piechotta
488,-5.330751711938441,0.231692064692366,0.3011710406228201,BÜ90/GR,Filiz Polat
489,-6.142525028798467,-0.183228965898404,-0.4320456742307822,BÜ90/GR,Dr. Anja Reinalter
490,-4.439512740545278,0.08390204730825715,-0.3751649240515401,BÜ90/GR,Tabea Rößner
491,-4.249554813417918,1.2338493883389496,-1.4030840840192351,BÜ90/GR,Claudia Roth (Augsburg)
492,-4.928637062804055,1.172876032448534,0.5062224864772709,BÜ90/GR,Dr. Manuela Rottmann
493,-4.5258662878354485,1.8169454437020205,0.7536370600626215,BÜ90/GR,Corinna Rüffer
494,-6.142525028798467,-0.183228965898404,-0.4320456742307822,BÜ90/GR,Kassem Taher Saleh
495,-3.017053331632801,1.78546996691579,1.721916502945197,BÜ90/GR,Jamila Schäfer
496,-5.758925234647239,0.8325589200700464,1.1855045375924531,BÜ90/GR,Dr. Sebastian Schäfer
497,-1.0025255576930514,1.3796788411690588,0.22538652302779583,BÜ90/GR,Ulle Schauws
498,-6.142525028798467,-0.183228965898404,-0.4320456742307822,BÜ90/GR,Stefan Schmidt
499,-5.839777127414901,0.33551822486439187,-0.753395380582339,BÜ90/GR,Marlene Schönberger
500,-4.532500516833685,0.5154477549590241,0.10049025185518344,BÜ90/GR,Christina-Johanne Schröder
501,-5.655571954188101,0.2651389144012536,-0.8548230265094555,BÜ90/GR,Kordula Schulz-Asche
502,-1.7770786895489865,-1.5498534086230396,-0.8694017501447984,BÜ90/GR,Melis Sekmen
503,-4.705487811673804,0.10214091656952337,-0.8757516766774488,BÜ90/GR,Nyke Slawik
504,-3.6257171170184415,1.237714741942194,1.0651869662592899,BÜ90/GR,Dr. Anne Monika Spallek
505,-3.5801597123894,2.8789287083748456,0.1770951825981214,BÜ90/GR,Merle Spellerberg
506,-0.08341824423734236,3.0076896822639934,0.9200658554975245,BÜ90/GR,Nina Stahr
507,-6.066239198699953,0.02441708904946069,0.1437465908553497,BÜ90/GR,Dr. Till Steffen
508,-5.4715021220170925,1.266230010093382,0.9383425835476913,BÜ90/GR,Hanna Steinmüller
509,-5.50209196182439,0.22643147875419198,-0.5630620178413089,BÜ90/GR,Dr. Wolfgang Strengmann-Kuhn
510,-4.613750546005949,-0.3987297312343616,-0.1663084479500791,BÜ90/GR,Awet Tesfaiesus
511,2.265199350903352,2.855824936566236,1.174949781011994,BÜ90/GR,Jürgen Trittin
512,-6.142525028798467,-0.183228965898404,-0.4320456742307822,BÜ90/GR,Katrin Uhlig
513,-5.839777127414901,0.33551822486439187,-0.753395380582339,BÜ90/GR,Dr. Julia Verlinden
514,-6.142525028798467,-0.183228965898404,-0.4320456742307822,BÜ90/GR,Niklas Wagener
515,-4.80646281374002,0.7495229053111977,0.4038849045406321,BÜ90/GR,Robin Wagener
516,-5.758925234647239,0.8325589200700464,1.1855045375924531,BÜ90/GR,Johannes Wagner
517,-2.459764583147586,3.015171724183822,-0.4105471475175912,BÜ90/GR,Beate Walter-Rosenheimer
518,-2.677473729000398,3.101138309541841,1.156977358183735,BÜ90/GR,Saskia Weishaupt
519,-5.812330314342223,-0.007619702673356571,-0.7664634769448507,BÜ90/GR,Stefan Wenzel
520,-6.142525028798467,-0.183228965898404,-0.4320456742307822,BÜ90/GR,Tina Winklmann
521,-4.359056061750305,0.07312737118625545,-1.3872717966664465,FDP,Valentin Abel
522,-3.2145419472875867,-1.3553459607678706,-1.076061564120996,FDP,Katja Adler
523,-4.79683605836748,-0.6401779734042442,-0.8382897476578844,FDP,Muhanad Al-Halak
524,-4.337655910672569,0.2850693744116602,1.6832971527134712,FDP,Renata Alt
525,-5.307750242508111,-0.3728893697327872,-1.0106273425322045,FDP,Christine Aschenberg-Dugnus
526,-3.0876746353252624,-0.6319119455475526,-0.9367086004806208,FDP,Nicole Bauer
527,-5.107946836783478,-0.45811611181589795,-0.9846897360045714,FDP,Jens Beeck
528,-4.489319677589253,-0.4219630988512479,-1.3306491385842747,FDP,Ingo Bodtke
529,-5.137313529473125,-0.44917026064309695,-1.063186338109612,FDP,Friedhelm Boginski
530,-5.165276122743256,0.5717503571938192,-0.7010750145244959,FDP,Dr. Jens Brandenburg (Rhein-Neckar)
531,-4.2109195625673825,0.41382199214077237,-0.9918709032568224,FDP,Mario Brandenburg (Südpfalz)
532,-5.307750242508111,-0.3728893697327872,-1.0106273425322045,FDP,Sandra Bubendorfer-Licht
533,-4.055688389789537,1.5243854827731864,1.437156348851168,FDP,Dr. Marco Buschmann
534,-3.7537959387670625,-0.6152933322705205,-1.02934316683006,FDP,Karlheinz Busen
535,-5.154721653160944,-0.09664097920898147,-1.2230121704810462,FDP,Carl-Julius Cronenberg
536,-4.331435440159944,0.38788784005757715,-0.6358516090426455,FDP,Bijan Djir-Sarai
537,-4.2888162249804225,0.7867357300624668,-0.6715033034958653,FDP,Christian Dürr
538,-4.753784618520579,-1.1101177231919894,-0.9492435822272853,FDP,Dr. Marcus Faber
539,-4.021105879392705,1.4348686091738478,0.3587293361811236,FDP,Daniel Föst
540,-5.307750242508111,-0.3728893697327872,-1.0106273425322045,FDP,Otto Fricke
541,-3.9478009642912015,0.3978480762376692,-1.677077191380764,FDP,Maximilian Funke-Kaiser
542,-5.00007375801955,-0.6680326155550745,-0.9489439421662249,FDP,Martin Gassner-Herz
543,-4.582499556164673,0.3038171328888374,-1.0636761038996203,FDP,Knut Gerschau
544,-5.448820262853451,-0.30555432999527854,-0.8795717448497569,FDP,Thomas Hacker
545,2.276746957220398,2.8395313502118955,1.1367118980892286,FDP,Reginald Hanke
546,-4.9534033576686864,-0.4977409944548483,-0.8636729814581725,FDP,Philipp Hartewig
547,-3.4824355369588007,0.24474424008302859,-1.718336381877646,FDP,Ulrike Harzer
548,-5.185114439352782,-0.5992779468277593,-0.9573907629042182,FDP,Peter Heidt
549,-4.436863908238897,1.2794990253035916,0.41354173102975667,FDP,Katrin Helling-Plahr
550,-4.951312740238627,-0.5186625939511407,-1.0486328709698023,FDP,Markus Herbrand
551,-5.307750242508111,-0.3728893697327872,-1.0106273425322045,FDP,Torsten Herbst
552,-4.621531460617306,0.02717096114019149,-0.09973276185479465,FDP,Katja Hessel
553,-4.430248432939744,0.7665851249388493,0.289420050187375,FDP,Dr. Gero Clemens Hocker
554,-4.916298469459128,-0.48722204304656347,-0.8000554989068225,FDP,Manuel Höferlin
555,-4.182536168730015,-0.38621286157520646,-0.26733850843285717,FDP,Dr. Christoph Hoffmann
556,-3.920589257498505,-0.5250817853545128,-1.0847221110452445,FDP,Reinhard Houben
557,-5.183968156479388,-0.5907680306859185,-0.9552437325406353,FDP,Olaf In der Beek
558,-4.954025314613276,-0.503757566529721,-1.0556447526393355,FDP,Gyde Jensen
559,-2.7094702426958333,0.7732815573105173,-0.9523659888575516,FDP,Dr. Ann-Veruschka Jurisch
560,-4.7275181315724195,-0.5710561068031622,-0.9562921369569433,FDP,Karsten Klein
561,-4.629642486991886,-0.3028837870540775,-1.315108307644454,FDP,Daniela Kluckert
562,-4.030397368897631,0.45230011927649955,-1.1207645574999885,FDP,Pascal Kober
563,-5.301727566102483,-0.0187044288317344,-1.057804633571929,FDP,Dr. Lukas Köhler
564,-3.9553398791962406,0.21662364884274848,-1.4133161376884313,FDP,Carina Konrad
565,-4.178984108194287,-0.2780529117714007,-0.45541598974471026,FDP,Michael Kruse
566,-0.46250432261037233,-0.783446957847446,1.2964810504278488,FDP,Wolfgang Kubicki
567,-5.145864316302738,-0.24276120049910827,-0.8472637469813468,FDP,Konstantin Kuhle
568,3.2740463604276155,3.409383933256319,0.6158726982878614,FDP,Alexander Graf Lambsdorff
569,-4.872097164140452,-0.18548268755093833,-1.0186954384156353,FDP,Ulrich Lechte
570,-3.507691706954886,1.7464133380988556,0.8385618746300898,FDP,Jürgen Lenders
571,-5.0268587167479,0.16495719329996797,-1.0984210872367208,FDP,Dr. Thorsten Lieb
572,0.28415895914885336,2.873056102253043,0.8883628734974688,FDP,Lars Lindemann
573,-1.3846693561363126,1.9847466472549318,1.015219369156357,FDP,Christian Lindner
574,-4.534362040523993,0.14069913821223015,-1.5966141465761161,FDP,Michael Georg Link (Heilbronn)
575,-4.26755207887816,-0.5495038768788255,-1.3992188901477414,FDP,Oliver Luksic
576,-5.5848767855106844,-0.23540353154844457,-0.7380639932608768,FDP,Kristine Lütke
577,-4.91925721841483,0.4762718803299701,-0.8839484390363235,FDP,Till Mansmann
578,3.2740463604276155,3.409383933256319,0.6158726982878614,FDP,Anikó Merten
579,-5.034340221200668,0.15701216085810502,-1.0933215983885873,FDP,Christoph Meyer
580,-5.173049358207886,-0.11229516485140346,-1.218104321829484,FDP,Maximilian Mordhorst
581,-4.662885079619368,-0.777935280024192,-0.7213763668614873,FDP,Alexander Müller
582,-5.137313529473125,-0.44917026064309695,-1.063186338109612,FDP,Frank Müller-Rosentritt
583,-4.953108356246325,-0.5195495711062352,-1.1646139840367284,FDP,Claudia Raffelhüschen
584,-3.029422691389305,1.1896479669869902,-0.576519890888556,FDP,Dr. Volker Redder
585,3.2740463604276155,3.409383933256319,0.6158726982878614,FDP,Hagen Reinhold
586,-3.9345506576849436,0.8905828834571554,0.4309953096889018,FDP,Bernd Reuther
587,3.2740463604276155,3.409383933256319,0.6158726982878614,FDP,Dr. h. c. Thomas Sattelberger
588,-3.9602227511014423,-0.5672357992470171,-0.7061836780605846,FDP,Christian Sauter
589,-3.319702786508249,1.5696494755456507,-0.8038717663036281,FDP,Frank Schäffler
590,-5.441899852579532,0.031553403994586456,-0.9909065556915313,FDP,Ria Schröder
591,-5.307750242508111,-0.3728893697327872,-1.0106273425322045,FDP,Anja Schulz
592,-5.107946836783478,-0.45811611181589795,-0.9846897360045714,FDP,Matthias Seestern-Pauly
593,-5.448820262853451,-0.30555432999527854,-0.8795717448497569,FDP,Dr. Stephan Seiter
594,-4.9849288438877934,-0.15146272730505622,-1.1617677227122754,FDP,Rainer Semet
595,-4.655875492766673,0.3323782433374824,-1.7106878052743444,FDP,Judith Skudelny
596,-2.2703554477008465,1.665245141912725,-0.24812457033692462,FDP,Bettina Stark-Watzinger
597,-5.307750242508111,-0.3728893697327872,-1.0106273425322045,FDP,Konrad Stockmeier
598,-0.8434615464524391,0.7558662029515184,-0.08155948836378846,FDP,Dr. Marie-Agnes Strack-Zimmermann
599,-5.307750242508111,-0.3728893697327872,-1.0106273425322045,FDP,Benjamin Strasser
600,-2.127873784448038,0.5119922043975238,-0.6169041041115656,FDP,Linda Teuteberg
601,-4.865372873719325,-0.4074384106736908,-1.1564209214635046,FDP,Jens Teutrine
602,-2.313367448571786,1.0543812310929044,0.48325369754088326,FDP,Michael Theurer
603,-4.980442356226175,-0.17274824256145888,-1.3248483158864002,FDP,Stephan Thomae
604,-4.439431520921523,0.15785283919694207,-0.2674858761238621,FDP,Nico Tippelt
605,-4.819001551890047,0.07636548772196508,-1.3174235817439517,FDP,Manfred Todtenhausen
606,-4.649527666798037,0.9264333861153858,-1.2877758168267082,FDP,Dr. Florian Toncar
607,-5.176832720420969,-0.10916942466101699,-0.8861265380702548,FDP,Dr. Andrew Ullmann
608,-4.215110892965534,-0.8593729913692837,-1.0459582710827389,FDP,Gerald Ullrich
609,3.2740463604276155,3.409383933256319,0.6158726982878614,FDP,Johannes Vogel (Olpe)
610,-3.7551658881421464,1.0253627296730174,0.41131072626009874,FDP,Sandra Weeser
611,-4.38613865856165,0.5023330635145111,-0.7089512546440024,FDP,Nicole Westig
612,-4.574060141106196,1.0088610079305984,0.17615541043163915,FDP,Dr. Volker Wissing
613,9.283175671395643,7.613947153322598,1.0686959680381218,AfD,Carolin Bachmann
614,10.089890924331074,8.403788889629007,1.1793630394824344,AfD,Dr. Christina Baum
615,8.716414604468389,6.21296982214174,-3.6673902657668243,AfD,Dr. Bernd Baumann
616,7.123477103942507,5.733439796027038,-3.2959244955257283,AfD,Roger Beckamp
617,9.891636992127637,8.305706602159306,1.2479969121959547,AfD,Marc Bernhard
618,9.657022888446335,6.802017589139234,-3.212408122503583,AfD,Andreas Bleck
619,10.478091458542286,6.647171605962263,-2.5337751006671136,AfD,René Bochmann
620,9.689424096505753,7.31324301471063,-3.5927463919389613,AfD,Peter Boehringer
621,9.190855470051048,6.992372877642176,-2.72699496318999,AfD,Gereon Bollmann
622,10.04574624755146,6.823956294217566,-3.093198481832975,AfD,Dirk Brandes
623,10.412464010711027,8.243519215641207,-0.18665503578110812,AfD,Stephan Brandner
624,9.550330821476994,6.9353650388482135,-3.5686249234157623,AfD,Jürgen Braun
625,11.158551106416802,8.555793592664699,0.12466397569438412,AfD,Marcus Bühl
626,5.354204729328671,4.482267234811735,-1.5272218979388168,AfD,Petr Bystron
627,8.801145539357014,6.194867502414848,-1.9797994350890382,AfD,Tino Chrupalla
628,9.133940601071538,5.452790914277556,-2.71756346227426,AfD,Joana Cotar
629,9.843596012584694,6.2537865950504345,-3.2176560601133017,AfD,Dr. Gottfried Curio
630,8.697467600240756,6.74541261214784,-0.6762264481257998,AfD,Thomas Dietz
631,9.94175936114118,6.166316717154445,-3.2283510392225687,AfD,Thomas Ehrhorn
632,10.298840555285555,7.647716159364189,-2.9614513857791636,AfD,Dr. Michael Espendiller
633,9.793049949510543,7.8211808932527065,-0.753957916546881,AfD,Robert Farle
634,8.476090118649346,7.197228251472468,-2.6244015468195054,AfD,Peter Felser
635,5.931032763252706,5.206515879557464,-2.430094665794326,AfD,Dietmar Friedhoff
636,8.856300499339595,6.5186169734845505,-2.491388220514102,AfD,Markus Frohnmaier
637,10.57860357967079,6.966591473087461,-3.3993548312575887,AfD,Dr. Götz Frömming
638,6.7124043496934025,5.497163707454743,-2.139312601518802,AfD,Dr. Alexander Gauland
639,10.116947474449628,6.469251430787463,-3.0443116792570484,AfD,Albrecht Glaser
640,10.56180954414953,6.981758153410728,-3.5836902497673417,AfD,Hannes Gnauck
641,10.010155330705443,6.723788068915277,-2.571948977378334,AfD,Kay Gottschalk
642,5.677249675289075,4.7210001399543176,-0.6014294243990845,AfD,Mariana Iris Harder-Kühnel
643,9.89666249812218,6.8583079121615755,-3.0901240109568704,AfD,Jochen Haug
644,6.9014156787079,6.665452412068164,-2.086811081912578,AfD,Martin Hess
645,10.853651530301207,8.76398941472239,1.507653506948665,AfD,Karsten Hilse
646,6.976818558574061,5.404429301256012,-3.892741543837328,AfD,Nicole Höchst
647,9.181137204143312,5.433309695429968,-4.094393091208289,AfD,Leif-Erik Holm
648,8.435331632835954,4.354753955573848,-1.2244197009811855,AfD,Johannes Huber
649,9.719777176114528,7.4767372639061795,-1.0170185216607308,AfD,Gerrit Huy
650,10.384346750027976,7.027679328569826,-3.3383849198122864,AfD,Fabian Jacobi
651,11.190730154489602,8.50196164393263,0.02191459055540764,AfD,Steffen Janich
652,5.33021372446556,5.327174215545223,-0.8696659971007168,AfD,Dr. Marc Jongen
653,6.811148276306678,6.332337677478637,-2.4435637742602596,AfD,Dr. Malte Kaufmann
654,11.158551106416802,8.555793592664699,0.12466397569438412,AfD,Dr. Michael Kaufmann
655,10.43096984776199,7.38796804433582,-3.1408714013632615,AfD,Stefan Keuter
656,9.790746832570036,5.555628782215094,-2.412369502482047,AfD,Norbert Kleinwächter
657,10.021166868653246,7.197910688092221,-3.4442570754026276,AfD,Enrico Komning
658,9.473014125041486,5.728959466266205,-3.029817724946718,AfD,Jörn König
659,10.339764483565897,6.555091278293637,-2.351053980614467,AfD,Steffen Kotré
660,10.444954164657233,4.856237206772593,-2.8760236580560297,AfD,Dr. Rainer Kraft
661,3.2740463604276155,3.409383933256319,0.6158726982878614,AfD,Barbara Lenk
662,8.08834217917565,6.308127461233867,-3.889332426242827,AfD,Rüdiger Lucassen
663,3.2740463604276155,3.409383933256319,0.6158726982878614,AfD,Corinna Miazga
664,9.283246064856334,6.9330426823643,-0.7106737853043368,AfD,Mike Moncsek
665,6.888449235442035,5.447406959431106,-0.8289926792995779,AfD,Matthias Moosdorf
666,9.673340617001381,6.837204811725548,-2.659984492724736,AfD,Sebastian Münzenmaier
667,9.726988122191383,7.13825018095057,0.7339358857631322,AfD,Edgar Naujok
668,9.785540841573406,6.276189735527304,-3.7379130576553257,AfD,Jan Ralf Nolte
669,10.377604370922729,7.0521374638738665,-3.4822626038402253,AfD,Gerold Otten
670,10.420468988620183,7.066711948815612,-3.7972340026486817,AfD,Tobias Matthias Peterka
671,7.937787275303819,6.4822576627337805,0.9994479388193777,AfD,Jürgen Pohl
672,9.251202006465647,5.545115385672074,-3.632189298373004,AfD,Stephan Protschka
673,8.665359457874139,5.333176148392121,-2.110955617413397,AfD,Martin Reichardt
674,7.9301211081764675,5.135700088297216,-1.4684320113629006,AfD,Martin Erwin Renner
675,10.278058030922471,6.946357723442744,-2.447875576861237,AfD,Frank Rinck
676,9.503383088485748,7.6144970235620635,-0.4599723354126571,AfD,Bernd Schattner
677,10.895959027483661,7.6331929969676615,-2.4423083592220385,AfD,Ulrike Schielke-Ziesing
678,9.580722718790064,6.693856378632161,-2.350518314257825,AfD,Eugen Schmidt
679,8.430489131293847,6.997160993956946,-2.5557002960143675,AfD,Jan Wenzel Schmidt
680,10.117764443219627,5.5437250082377085,-3.702654685694613,AfD,Jörg Schneider
681,4.769395761522211,5.481760705294941,-1.0556881462409768,AfD,Uwe Schulz
682,7.223301704318531,6.7724158505735685,0.5900463880052629,AfD,Thomas Seitz
683,8.67543952688194,7.0561531002226525,-2.0900004274337176,AfD,Martin Sichert
684,9.948102360904807,5.780905687490233,-1.8560897693998475,AfD,Dr. Dirk Spaniel
685,9.511640988253957,7.029325972583135,-1.347072287997667,AfD,René Springer
686,7.705999159858823,4.734837469668766,-2.2222058837687335,AfD,Klaus Stöber
687,9.674267750321839,6.464772728063109,-2.9503210870997547,AfD,Beatrix von Storch
688,9.609168710443926,7.2677199580794,-1.879829569605114,AfD,Dr. Alice Weidel
689,7.082955937256429,6.097796839379476,-2.084015142035019,AfD,Dr. Harald Weyel
690,10.465864160411872,6.716025603971217,-4.149015115366038,AfD,Wolfgang Wiehle
691,9.7924453325232,6.179368619587897,-4.0940722845994895,AfD,Dr. Christian Wirth
692,3.2740463604276155,3.409383933256319,0.6158726982878614,AfD,Uwe Witt
693,9.063792219915442,5.340989960285305,-4.158009788889727,AfD,Joachim Wundrak
694,9.699759588468096,7.874682801808932,-1.1122752607063056,AfD,Kay-Uwe Ziegler
695,1.8679715315226475,3.06095433470765,4.652415205859076,DIE LINKE.,Gökay Akbulut
696,5.28724775663621,4.522369523656767,3.6678993297871116,DIE LINKE.,Ali Al-Dailami
697,1.908454934783776,3.9229220074529696,5.800016874902564,DIE LINKE.,Dr. Dietmar Bartsch
698,2.5040913720022413,4.7638680858371805,8.678626363061275,DIE LINKE.,Matthias W. Birkwald
699,5.1133411237438375,3.6429961149337244,3.796257591000315,DIE LINKE.,Sevim Dagdelen
700,1.7681009173599047,3.7294376765556527,8.10272623286378,DIE LINKE.,Anke Domscheit-Berg
701,5.100742537747097,4.641797290669018,3.8194872404321867,DIE LINKE.,Klaus Ernst
702,2.450972477712697,3.3851475193987155,8.211108679749845,DIE LINKE.,Susanne Ferschl
703,3.0119180584077494,4.4740329202286775,5.628462381864493,DIE LINKE.,Nicole Gohlke
704,2.5142490043896712,4.199710443902627,6.336616734357081,DIE LINKE.,Christian Görke
705,2.661070974338272,3.3598923297960637,5.199578955784989,DIE LINKE.,Ates Gürpinar
706,2.2882968159208055,3.8487670276617854,4.881924072426595,DIE LINKE.,Dr. Gregor Gysi
707,3.013510310088326,5.244184950648919,8.243439200929862,DIE LINKE.,Dr. André Hahn
708,1.9591325821547028,3.536424732625062,5.23597237487611,DIE LINKE.,Susanne Hennig-Wellsow
709,5.285839699803465,4.879017414960959,4.822530172183285,DIE LINKE.,Andrej Hunko
710,3.2740463604276155,3.409383933256319,0.6158726982878614,DIE LINKE.,Katja Kipping
711,3.2872449208728574,6.283248356060127,5.554677544295396,DIE LINKE.,Jan Korte
712,2.0584812521966347,4.433400775094635,9.044946646998186,DIE LINKE.,Ina Latendorf
713,2.04373975260358,3.740949988264522,4.53656805098128,DIE LINKE.,Caren Lay
714,2.0584812521966347,4.433400775094635,9.044946646998186,DIE LINKE.,Ralph Lenkert
715,4.625255648819142,4.85451763126973,3.177564394766529,DIE LINKE.,Christian Leye
716,1.8095823423456314,3.678207094007568,7.219919455877671,DIE LINKE.,Dr. Gesine Lötzsch
717,-5.5383048278845886,0.49317118955780803,0.12894241547918905,DIE LINKE.,Thomas Lutze
718,3.188952092379227,3.5750105281914393,2.055185598988823,DIE LINKE.,Pascal Meiser
719,5.502065546738933,4.307187224209379,3.8066185738673255,DIE LINKE.,Amira Mohamed Ali
720,2.7256839142254634,3.6784515201645873,5.077121293394353,DIE LINKE.,Cornelia Möhring
721,4.7966098251013385,4.42440543142254,4.32125408001919,DIE LINKE.,Zaklin Nastic
722,2.2985578210593856,4.739710880365728,6.659895952890063,DIE LINKE.,Petra Pau
723,2.0769443870044464,3.8346039293888237,7.294137138248246,DIE LINKE.,Sören Pellmann
724,2.491969082135708,4.254956812191408,8.804030379307617,DIE LINKE.,Victor Perli
725,2.9774215505539745,5.550578914904691,7.773387243871318,DIE LINKE.,Heidi Reichinnek
726,1.8803595786871854,2.4138650098838195,6.839787344002692,DIE LINKE.,Martina Renner
727,2.2870195288662023,4.975802824153733,7.565584583236215,DIE LINKE.,Bernd Riexinger
728,2.0584812521966347,4.433400775094635,9.044946646998186,DIE LINKE.,Dr. Petra Sitte
729,5.97546952453798,5.156081657347765,4.51675101941269,DIE LINKE.,Jessica Tatti
730,4.4519768884029425,6.645742917639786,5.29221394658269,DIE LINKE.,Alexander Ulrich
731,2.653051987125788,4.496103251077783,7.22515565743856,DIE LINKE.,Kathrin Vogler
732,5.566374931535075,4.428221947853422,3.631835096444278,DIE LINKE.,Dr. Sahra Wagenknecht
733,2.3214506976651066,4.190008524229881,7.30218314377443,DIE LINKE.,Janine Wissler
734,9.581576968258346,5.9554113105311135,-2.9989667233003496,Fraktionslos,Matthias Helferich
735,-2.221599292499169,-1.980886601598792,0.7403570152465441,Fraktionslos,Stefan Seidler
