,0
0,20211118_1_xls.xlsx
1,20211118_2_xls.xlsx
2,20211210_1_xls.xlsx
3,20211210_2_xls.xlsx
4,20220127_2_xls.xlsx
5,20220127_3_xls.xlsx
6,20220128_1_xls.xlsx
7,20220317_1_xls.xlsx
8,20220318_1_xls.xlsx
9,20220318_2_xls.xlsx
10,20220318_3_xls.xlsx
11,20220407_2_xls.xlsx
12,20220407_3_xls.xlsx
13,20220407_4_xls.xlsx
14,20220407_5_xls.xlsx
15,20220428_1_xls.xlsx
16,20220429_1_xls.xlsx
17,20220519_2_xls.xlsx
18,20220519_3_xls.xlsx
19,20220520_1-xls.xlsx
20,20220520_2-xls.xlsx
21,20220520_3-xls.xlsx
22,20220601_1_xls.xlsx
23,20220603_1_xls.xlsx
24,20220603_2_xls.xlsx
25,20220603_3_xls.xlsx
26,20220603_4_xls.xlsx
27,20220603_5_xls.xlsx
28,20220603_6_xls.xlsx
29,20220623_2_xls.xlsx
30,20220707_10_xls.xlsx
31,20220707_1_xls.xlsx
32,20220707_2_xls.xlsx
33,20220707_3_xls.xlsx
34,20220707_4_xls.xlsx
35,20220707_5_xls.xlsx
36,20220707_7_xls.xlsx
37,20220707_8_xls.xlsx
38,20220707_9_xls.xlsx
39,20220708_1_xls.xlsx
40,20220708_2_xls.xlsx
41,20220908_1_xls.xlsx
42,20220922_1_xls.xlsx
43,20220922_2_xls.xlsx
44,20220922_3_xls.xlsx
45,20220928_1_xls.xlsx
46,20220930_1_xls.xlsx
47,20221013_1_xls.xlsx
48,20221020_1_xls.xlsx
49,20221020_3_xls.xlsx
50,20221021_1_xls.xlsx
51,20221021_2_xls.xlsx
52,20221021_3_xls.xlsx
53,20221110_1_xls.xlsx
54,20221110_2_xls.xlsx
55,20221110_3_xls.xlsx
56,20221110_4_xls.xlsx
57,20221110_5_xls.xlsx
58,20221110_7_xls.xlsx
59,20221110_8_xls.xlsx
60,20221110_9_xls.xlsx
61,20221111_1_xls.xlsx
62,20221111_2_xls.xlsx
63,20221111_3_xls.xlsx
64,20221123_1_xls.xlsx
65,20221124_1_xls.xlsx
66,20221125_1_xls.xlsx
67,20221125_2_xls.xlsx
68,20221201_1_xls.xlsx
69,20221201_2_xls.xlsx
70,20221201_3_xls.xlsx
71,20221202_1_xls.xlsx
72,20221202_2_xls.xlsx
73,20221215_1_xls.xlsx
74,20221215_2_xls.xlsx
75,20230317_1_xls.xlsx
76,20230329_1_xls.xlsx
77,20230330_1_xls.xlsx
78,20230331_1_xls.xlsx
79,20230331_2_xls.xlsx
80,20230419_1_xls.xlsx
81,20230420_1_xls.xlsx
82,20230426_1_xls.xlsx
83,20230426_2_xls.xlsx
84,20230426_3_xls.xlsx
85,20230428_1_xls.xlsx
86,20230428_2_xls.xlsx
87,20230428_3_xls.xlsx
88,20230510_1_xls.xlsx
89,20230510_2_xls.xlsx
90,20230511_1_xls.xlsx
91,20230512_1_xls.xlsx
92,20230526_1_xls.xlsx
93,20230526_2_xls.xlsx
94,20230526_3_xls.xlsx
95,20230615_1_xls.xlsx
96,20230615_3_xls.xlsx
97,20230615_4_xls.xlsx
98,20230623_1_xls.xlsx
99,20230623_2_xls.xlsx
100,20230623_3_xls.xlsx
101,20230623_4_xls.xlsx
102,20230706_1_xls.xlsx
103,20230706_2_xls.xlsx
104,20230706_3_xls.xlsx
105,20230706_4_xls.xlsx
106,20230707_1_xls.xlsx
107,20230908_1_xls.xlsx
108,20230908_2_xls.xlsx
109,20230920_1_xls.xlsx
110,20230921_1_xls.xlsx
111,20230921_2_xls.xlsx
112,20230928_1_xls.xlsx
113,20231018_1_xls.xlsx
114,20231020_1_xls.xlsx
115,20231110_1_xls.xlsx
116,20231110_2_xls.xlsx
117,20231110_3_xls.xlsx
118,20231116_1_xls.xlsx
119,20231116_2_xls.xlsx
120,20231117_1_xls.xlsx
121,20231130_1_xls.xlsx
122,20231130_2_xls.xlsx
123,20231201_1_xls.xlsx
124,20231215_1_xls.xlsx
125,20231215_2_xls.xlsx
126,20231215_3_xls.xlsx
127,20231215_4_xls.xlsx
128,20231215_5_xls.xlsx
129,20240117_1_xls.xlsx
130,20240118_1_xls.xlsx
131,20240118_2_xls.xlsx
132,20240119_1_xls.xlsx
133,20240131_1_xls.xlsx
134,20240201_1_xls.xlsx
135,20240202_1_xls.xlsx
136,20240202_2_xls.xlsx
137,20240202_3_xls.xlsx
138,20240222_1_xls.xlsx
139,20240222_2_xls.xlsx
140,20240223_1_xls.xlsx
141,20240223_2_xls.xlsx
142,20240223_3_xls.xlsx
143,20240314_1_xls.xlsx
144,20240320_1_xls.xlsx
145,20240321_1_xls.xlsx
146,20240321_2_xls.xlsx
147,20240412_1_xls.xlsx
148,20240412_2_xls.xlsx
149,20240425_2_xls.xlsx
150,20240426_1_xls.xlsx
151,20240516_1_xls.xlsx
152,20240605_1_xls.xlsx
153,20240606_1_xls.xlsx
154,20240606_2_xls.xlsx
155,20240613_1_xls.xlsx
156,20240613_2_xls.xlsx
157,20240613_3_xls.xlsx
158,20240627_1_xls.xlsx
159,20240627_2_xls.xlsx
160,20240627_3_xls.xlsx
161,20240705_1_xls.xlsx
162,20241017_1_xls.xlsx
163,20241017_2_xls.xlsx
164,20241017_3_xls.xlsx
165,20241018_1_xls.xlsx
166,20241018_2_xls.xlsx
167,20241018_3_xls.xlsx
168,20241018_4_xls.xlsx
169,20241018_5_xls.xlsx
170,20241018_6_xls.xlsx
171,20241018_7_xls.xlsx
172,20241018_8_xls.xlsx
173,20241018_9_xls.xlsx
174,20241216_1_xls.xlsx
175,20241219_1_xls.xlsx
176,20250129_1_xls.xlsx
177,20250129_2_xls.xlsx
178,20250130_1_xls.xlsx
179,20250130_2_xls.xlsx
180,20250130_3_xls.xlsx
181,20250130_4_xls.xlsx
182,20250131_1_xls.xlsx
183,20250131_2_xls.xlsx
